transaction_id,amount,status,failure_reason,payment_method,attempt_count,customer_history,timestamp
TX0001,420,success,none,NetBanking,1,new,2026-08-20 03:05:26.458589
TX0002,8738,success,none,Card,1,new,2026-08-20 14:24:26.458644
TX0003,1307,failed,network_error,Wallet,2,returning,2026-08-19 16:47:26.458674
TX0004,3361,success,none,NetBanking,1,frequent,2026-08-19 01:04:26.458690
TX0005,9149,failed,network_error,NetBanking,1,returning,2026-08-23 23:59:26.458708
TX0006,4680,success,none,NetBanking,1,frequent,2026-08-24 06:35:26.458732
TX0007,436,success,none,Card,1,new,2026-08-21 09:16:26.458746
TX0008,5749,success,none,Card,1,returning,2026-08-24 01:25:26.458758
TX0009,4399,failed,insufficient_funds,Card,1,returning,2026-08-24 17:14:26.458771
TX0010,4840,success,none,Card,1,returning,2026-08-21 19:14:26.458783
TX0011,636,success,none,NetBanking,1,returning,2026-08-23 00:47:26.458797
TX0012,9414,success,none,Card,1,frequent,2026-08-20 10:31:26.458809
TX0013,6211,failed,timeout,UPI,2,new,2026-08-21 22:22:26.458823
TX0014,5531,failed,insufficient_funds,Wallet,2,returning,2026-08-20 01:48:26.458837
TX0015,335,failed,insufficient_funds,Card,3,returning,2026-08-23 19:20:26.458848
TX0016,4852,failed,bank_error,UPI,3,new,2026-08-24 18:09:26.458860
TX0017,9938,success,none,NetBanking,1,new,2026-08-22 12:05:26.458870
TX0018,8457,success,none,UPI,1,returning,2026-08-19 18:52:26.458880
TX0019,8857,success,none,Card,1,returning,2026-08-23 17:41:26.458890
TX0020,5928,success,none,Wallet,1,new,2026-08-21 18:32:26.458901
TX0021,7109,success,none,UPI,1,frequent,2026-08-24 09:31:26.458910
TX0022,1283,success,none,Card,1,returning,2026-08-22 17:57:26.458920
TX0023,3841,failed,insufficient_funds,Wallet,3,returning,2026-08-23 15:01:26.458932
TX0024,8485,success,none,Card,1,frequent,2026-08-22 11:27:26.458941
TX0025,5226,success,none,Wallet,1,new,2026-08-24 09:23:26.458951
TX0026,8651,success,none,Wallet,1,new,2026-08-25 03:39:26.458960
TX0027,5553,success,none,Card,1,returning,2026-08-23 01:11:26.458971
TX0028,8018,failed,bank_error,NetBanking,3,frequent,2026-08-19 12:32:26.458982
TX0029,5213,success,none,Wallet,1,returning,2026-08-19 23:16:26.458993
TX0030,2290,success,none,NetBanking,1,returning,2026-08-21 19:42:26.459003
TX0031,7639,failed,insufficient_funds,Card,1,new,2026-08-20 23:33:26.459015
TX0032,6296,success,none,NetBanking,1,frequent,2026-08-23 12:26:26.459025
TX0033,5399,success,none,NetBanking,1,new,2026-08-22 22:46:26.459034
TX0034,570,failed,network_error,Wallet,3,new,2026-08-20 00:34:26.459046
TX0035,7200,success,none,NetBanking,1,returning,2026-08-22 10:04:26.459056
TX0036,8637,success,none,Card,1,new,2026-08-20 18:02:26.459065
TX0037,2954,success,none,UPI,1,frequent,2026-08-19 13:59:26.459076
TX0038,683,success,none,Card,1,frequent,2026-08-23 05:32:26.459086
TX0039,4232,failed,insufficient_funds,NetBanking,3,new,2026-08-19 09:32:26.459097
TX0040,3612,success,none,Card,1,returning,2026-08-25 04:35:26.459107
TX0041,1102,success,none,NetBanking,1,new,2026-08-24 20:31:26.459116
TX0042,9855,success,none,Card,1,returning,2026-08-23 23:43:26.459126
TX0043,9780,failed,timeout,Card,3,returning,2026-08-19 21:29:26.459140
TX0044,5371,success,none,Wallet,1,frequent,2026-08-22 05:31:26.459150
TX0045,621,success,none,Wallet,1,returning,2026-08-24 12:25:26.459159
TX0046,8339,success,none,UPI,1,returning,2026-08-19 01:18:26.459168
TX0047,2521,success,none,Wallet,1,new,2026-08-21 16:47:26.459177
TX0048,4560,failed,bank_error,NetBanking,3,new,2026-08-23 07:34:26.459191
TX0049,7981,success,none,Wallet,1,new,2026-08-25 02:52:26.459202
TX0050,2370,success,none,Wallet,1,frequent,2026-08-21 00:26:26.459211
TX0051,6175,failed,insufficient_funds,UPI,1,frequent,2026-08-22 17:16:26.459222
TX0052,5242,success,none,NetBanking,1,new,2026-08-19 10:50:26.459231
TX0053,9216,failed,timeout,UPI,3,frequent,2026-08-20 23:09:26.459246
TX0054,2407,failed,network_error,UPI,1,new,2026-08-24 12:32:26.459257
TX0055,3456,failed,bank_error,Wallet,1,frequent,2026-08-24 04:48:26.459268
TX0056,8544,success,none,UPI,1,new,2026-08-21 08:02:26.459278
TX0057,2798,success,none,NetBanking,1,returning,2026-08-22 06:16:26.459287
TX0058,6764,success,none,Card,1,returning,2026-08-22 00:05:26.459296
TX0059,3633,success,none,UPI,1,frequent,2026-08-22 00:25:26.459306
TX0060,4428,failed,insufficient_funds,UPI,3,new,2026-08-23 02:17:26.459317
TX0061,3927,success,none,UPI,1,returning,2026-08-19 03:03:26.459327
TX0062,7884,failed,bank_error,UPI,1,new,2026-08-25 11:36:26.459338
TX0063,5392,success,none,UPI,1,frequent,2026-08-24 07:03:26.459349
TX0064,9086,success,none,UPI,1,new,2026-08-21 18:02:26.459359
TX0065,9972,success,none,Card,1,frequent,2026-08-20 20:25:26.459368
TX0066,5322,success,none,NetBanking,1,returning,2026-08-21 23:28:26.459379
TX0067,9510,success,none,Wallet,1,returning,2026-08-21 00:18:26.459389
TX0068,3407,success,none,NetBanking,1,frequent,2026-08-19 15:35:26.459399
TX0069,1396,success,none,NetBanking,1,returning,2026-08-25 13:52:26.459408
TX0070,555,success,none,NetBanking,1,frequent,2026-08-25 06:24:26.459417
TX0071,3752,success,none,NetBanking,1,frequent,2026-08-24 17:25:26.459427
TX0072,7214,failed,insufficient_funds,UPI,2,new,2026-08-24 00:54:26.459439
TX0073,8792,failed,insufficient_funds,Wallet,1,frequent,2026-08-24 04:49:26.459454
TX0074,814,success,none,Wallet,1,new,2026-08-22 05:29:26.459465
TX0075,827,success,none,UPI,1,frequent,2026-08-20 22:25:26.459475
TX0076,2611,failed,network_error,NetBanking,1,frequent,2026-08-20 22:45:26.459489
TX0077,9604,success,none,NetBanking,1,frequent,2026-08-21 14:41:26.459501
TX0078,8395,success,none,NetBanking,1,frequent,2026-08-23 01:07:26.459513
TX0079,8377,success,none,UPI,1,new,2026-08-21 20:51:26.459524
TX0080,3993,success,none,UPI,1,new,2026-08-25 18:21:26.459536
TX0081,8043,failed,insufficient_funds,UPI,3,returning,2026-08-20 10:53:26.459549
TX0082,5884,success,none,NetBanking,1,new,2026-08-19 02:41:26.459562
TX0083,3457,failed,timeout,UPI,3,frequent,2026-08-24 17:03:26.459574
TX0084,6736,success,none,NetBanking,1,returning,2026-08-19 00:33:26.459586
TX0085,6804,success,none,Wallet,1,new,2026-08-19 10:07:26.459597
TX0086,7887,success,none,Card,1,returning,2026-08-21 03:26:26.459608
TX0087,7890,success,none,Card,1,frequent,2026-08-25 01:18:26.459620
TX0088,4227,success,none,Card,1,returning,2026-08-23 17:56:26.459631
TX0089,6620,success,none,Card,1,frequent,2026-08-20 18:12:26.459645
TX0090,689,failed,bank_error,UPI,2,new,2026-08-21 01:14:26.459658
TX0091,5918,success,none,UPI,1,new,2026-08-19 11:29:26.459672
TX0092,2521,success,none,UPI,1,new,2026-08-23 14:16:26.459687
TX0093,3561,success,none,NetBanking,1,new,2026-08-25 16:49:26.459698
TX0094,1169,success,none,Wallet,1,frequent,2026-08-20 13:06:26.459709
TX0095,2733,success,none,UPI,1,frequent,2026-08-25 00:26:26.459720
TX0096,7777,success,none,Card,1,returning,2026-08-22 12:09:26.459731
TX0097,5012,failed,network_error,Card,2,new,2026-08-19 09:22:26.459744
TX0098,7005,success,none,NetBanking,1,frequent,2026-08-23 09:15:26.459755
TX0099,8543,success,none,NetBanking,1,frequent,2026-08-23 20:56:26.459767
TX0100,534,success,none,Card,1,frequent,2026-08-23 07:01:26.459776
TX0101,518,success,none,Card,1,new,2026-08-22 01:09:26.459785
TX0102,4554,failed,insufficient_funds,UPI,3,returning,2026-08-21 12:02:26.459796
TX0103,8646,success,none,Card,1,returning,2026-08-24 17:50:26.459807
TX0104,6247,failed,insufficient_funds,Card,1,returning,2026-08-20 07:18:26.459817
TX0105,8315,success,none,UPI,1,frequent,2026-08-25 11:36:26.459827
TX0106,2515,success,none,Card,1,new,2026-08-21 21:20:26.459836
TX0107,5293,success,none,Wallet,1,returning,2026-08-19 12:12:26.459844
TX0108,7697,success,none,NetBanking,1,frequent,2026-08-24 07:00:26.459854
TX0109,6833,success,none,UPI,1,new,2026-08-25 16:33:26.459887
TX0110,9571,success,none,Card,1,frequent,2026-08-19 00:14:26.459899
TX0111,667,failed,network_error,UPI,2,frequent,2026-08-24 07:44:26.459909
TX0112,4884,success,none,Card,1,frequent,2026-08-24 16:55:26.459921
TX0113,2669,success,none,UPI,1,new,2026-08-25 05:54:26.459931
TX0114,7261,failed,bank_error,Card,1,new,2026-08-21 19:48:26.459942
TX0115,2672,success,none,Wallet,1,frequent,2026-08-20 16:11:26.459951
TX0116,5233,success,none,Wallet,1,new,2026-08-20 05:44:26.459960
TX0117,7524,success,none,Card,1,frequent,2026-08-25 12:00:26.459969
TX0118,9482,failed,timeout,NetBanking,3,returning,2026-08-20 06:10:26.459979
TX0119,5053,success,none,UPI,1,returning,2026-08-19 06:49:26.459988
TX0120,6401,success,none,Card,1,returning,2026-08-19 16:52:26.459997
TX0121,1346,success,none,Wallet,1,returning,2026-08-23 06:22:26.460006
TX0122,5559,success,none,Wallet,1,new,2026-08-21 07:24:26.460015
TX0123,9582,success,none,UPI,1,frequent,2026-08-20 06:14:26.460024
TX0124,5143,success,none,Wallet,1,new,2026-08-23 21:53:26.460034
TX0125,8235,success,none,UPI,1,returning,2026-08-20 10:54:26.460043
TX0126,7570,failed,timeout,UPI,3,new,2026-08-21 09:35:26.460056
TX0127,2671,success,none,NetBanking,1,new,2026-08-23 23:08:26.460065
TX0128,1468,success,none,NetBanking,1,returning,2026-08-25 17:10:26.460075
TX0129,6782,failed,timeout,UPI,2,returning,2026-08-25 21:57:26.460085
TX0130,6069,success,none,UPI,1,frequent,2026-08-25 09:38:26.460097
TX0131,5635,success,none,NetBanking,1,frequent,2026-08-19 16:32:26.460109
TX0132,4469,failed,insufficient_funds,UPI,2,returning,2026-08-23 06:02:26.460120
TX0133,3622,success,none,Wallet,1,returning,2026-08-19 15:07:26.460131
TX0134,5083,success,none,Card,1,new,2026-08-23 04:58:26.460144
TX0135,6275,success,none,NetBanking,1,new,2026-08-23 15:26:26.460153
TX0136,6506,success,none,Wallet,1,returning,2026-08-25 07:25:26.460161
TX0137,3122,success,none,Wallet,1,new,2026-08-22 18:15:26.460170
TX0138,1143,failed,insufficient_funds,NetBanking,3,returning,2026-08-24 20:15:26.460181
TX0139,1518,success,none,Card,1,returning,2026-08-21 09:27:26.460190
TX0140,1152,success,none,Card,1,frequent,2026-08-22 11:23:26.460198
TX0141,6550,success,none,Card,1,frequent,2026-08-24 02:43:26.460208
TX0142,8426,success,none,UPI,1,frequent,2026-08-23 13:37:26.460217
TX0143,2247,success,none,Wallet,1,frequent,2026-08-23 08:02:26.460225
TX0144,1250,success,none,Card,1,new,2026-08-21 02:57:26.460234
TX0145,9277,success,none,Card,1,frequent,2026-08-25 18:19:26.460242
TX0146,7026,success,none,UPI,1,returning,2026-08-24 00:31:26.460251
TX0147,378,success,none,UPI,1,new,2026-08-24 11:43:26.460260
TX0148,3594,failed,bank_error,UPI,1,returning,2026-08-25 02:03:26.460270
TX0149,9896,success,none,Card,1,new,2026-08-19 16:09:26.460281
TX0150,6734,success,none,UPI,1,returning,2026-08-25 10:02:26.460291
TX0151,2159,success,none,Card,1,frequent,2026-08-23 12:06:26.460302
TX0152,7473,success,none,NetBanking,1,returning,2026-08-20 06:00:26.460312
TX0153,1482,success,none,NetBanking,1,new,2026-08-23 14:52:26.460324
TX0154,9268,success,none,Wallet,1,returning,2026-08-21 06:19:26.460334
TX0155,970,success,none,Wallet,1,new,2026-08-22 03:32:26.460342
TX0156,8467,success,none,NetBanking,1,frequent,2026-08-25 17:22:26.460351
TX0157,1612,success,none,UPI,1,returning,2026-08-24 21:00:26.460360
TX0158,9742,success,none,Wallet,1,new,2026-08-22 03:17:26.460369
TX0159,5245,success,none,Card,1,new,2026-08-25 19:37:26.460377
TX0160,5086,success,none,UPI,1,frequent,2026-08-23 09:09:26.460386
TX0161,6684,success,none,Wallet,1,frequent,2026-08-19 21:59:26.460396
TX0162,8954,success,none,UPI,1,returning,2026-08-25 05:49:26.460405
TX0163,3520,success,none,Card,1,frequent,2026-08-25 06:56:26.460414
TX0164,9211,failed,timeout,Wallet,2,returning,2026-08-24 01:54:26.460424
TX0165,8592,success,none,Card,1,new,2026-08-21 07:34:26.460433
TX0166,5908,failed,network_error,NetBanking,1,frequent,2026-08-24 05:36:26.460444
TX0167,9262,success,none,Wallet,1,new,2026-08-22 20:33:26.460453
TX0168,250,success,none,Wallet,1,frequent,2026-08-19 20:19:26.460462
TX0169,204,failed,bank_error,Card,2,returning,2026-08-24 05:56:26.460473
TX0170,7473,success,none,NetBanking,1,new,2026-08-24 13:45:26.460485
TX0171,9213,success,none,Card,1,returning,2026-08-25 12:47:26.460494
TX0172,9038,failed,bank_error,Wallet,2,new,2026-08-25 07:27:26.460504
TX0173,1737,success,none,Card,1,frequent,2026-08-22 04:05:26.460513
TX0174,7987,success,none,NetBanking,1,returning,2026-08-24 16:47:26.460524
TX0175,1014,success,none,Card,1,returning,2026-08-20 03:07:26.460533
TX0176,5904,success,none,NetBanking,1,new,2026-08-25 16:11:26.460545
TX0177,9753,failed,insufficient_funds,Wallet,1,returning,2026-08-21 15:44:26.460556
TX0178,3796,success,none,UPI,1,returning,2026-08-24 06:56:26.460565
TX0179,4376,success,none,UPI,1,returning,2026-08-25 03:15:26.460574
TX0180,1186,failed,timeout,UPI,1,returning,2026-08-22 12:19:26.460584
TX0181,3838,success,none,NetBanking,1,new,2026-08-20 01:02:26.460594
TX0182,5063,success,none,UPI,1,frequent,2026-08-20 05:57:26.460602
TX0183,5452,success,none,UPI,1,new,2026-08-19 03:04:26.460611
TX0184,7207,failed,network_error,Card,2,returning,2026-08-25 19:41:26.460622
TX0185,7452,success,none,Card,1,frequent,2026-08-21 07:39:26.460632
TX0186,2403,success,none,Wallet,1,returning,2026-08-23 06:52:26.460641
TX0187,674,success,none,Card,1,new,2026-08-24 11:44:26.460650
TX0188,5575,success,none,Wallet,1,returning,2026-08-24 15:54:26.460659
TX0189,9631,failed,timeout,Wallet,1,new,2026-08-19 04:26:26.460669
TX0190,2877,failed,bank_error,UPI,2,returning,2026-08-21 16:23:26.460686
TX0191,1266,success,none,Card,1,new,2026-08-23 05:19:26.460693
TX0192,3980,success,none,UPI,1,new,2026-08-24 04:51:26.460702
TX0193,5492,success,none,NetBanking,1,frequent,2026-08-23 11:12:26.460710
TX0194,1528,success,none,Card,1,frequent,2026-08-22 19:09:26.460717
TX0195,5815,success,none,UPI,1,frequent,2026-08-19 13:55:26.460726
TX0196,1578,success,none,UPI,1,new,2026-08-21 11:17:26.460733
TX0197,1224,success,none,NetBanking,1,returning,2026-08-23 22:57:26.460741
TX0198,9547,failed,timeout,NetBanking,2,new,2026-08-22 13:15:26.460750
TX0199,1654,success,none,UPI,1,returning,2026-08-24 02:43:26.460757
TX0200,8909,success,none,UPI,1,returning,2026-08-24 02:40:26.460765
TX0201,5658,success,none,Card,1,returning,2026-08-23 16:45:26.460773
TX0202,8293,failed,timeout,Card,2,frequent,2026-08-23 05:00:26.460783
TX0203,7026,success,none,Card,1,returning,2026-08-24 05:14:26.460791
TX0204,8192,failed,insufficient_funds,UPI,1,frequent,2026-08-22 19:55:26.460800
TX0205,3326,success,none,NetBanking,1,returning,2026-08-19 06:33:26.460808
TX0206,458,success,none,Wallet,1,returning,2026-08-25 08:11:26.460816
TX0207,8855,failed,timeout,NetBanking,3,returning,2026-08-22 05:34:26.460825
TX0208,5308,failed,network_error,Card,2,frequent,2026-08-23 09:09:26.460835
TX0209,3073,success,none,Card,1,new,2026-08-19 10:08:26.460845
TX0210,3959,success,none,NetBanking,1,new,2026-08-24 12:14:26.460853
TX0211,2524,failed,network_error,Wallet,1,frequent,2026-08-24 09:52:26.460863
TX0212,9438,failed,timeout,Wallet,2,frequent,2026-08-25 09:28:26.460873
TX0213,6606,success,none,NetBanking,1,returning,2026-08-23 03:37:26.460882
TX0214,1732,failed,insufficient_funds,Wallet,3,frequent,2026-08-20 06:44:26.460891
TX0215,5755,success,none,Card,1,new,2026-08-19 11:17:26.460899
TX0216,3015,failed,insufficient_funds,UPI,1,frequent,2026-08-19 01:22:26.460909
TX0217,1529,success,none,NetBanking,1,frequent,2026-08-23 22:45:26.460918
TX0218,3798,success,none,Wallet,1,new,2026-08-19 17:20:26.460928
TX0219,5372,success,none,Card,1,frequent,2026-08-25 15:10:26.460935
TX0220,6285,success,none,Card,1,returning,2026-08-25 18:03:26.460943
TX0221,8416,success,none,NetBanking,1,frequent,2026-08-25 13:14:26.460951
TX0222,2595,success,none,Wallet,1,new,2026-08-19 23:09:26.460959
TX0223,3196,success,none,NetBanking,1,frequent,2026-08-23 21:39:26.460967
TX0224,7522,success,none,Wallet,1,new,2026-08-21 03:25:26.460974
TX0225,882,success,none,UPI,1,frequent,2026-08-19 19:56:26.460983
TX0226,6744,success,none,Wallet,1,frequent,2026-08-25 18:30:26.460990
TX0227,2045,failed,bank_error,NetBanking,3,new,2026-08-20 16:11:26.460999
TX0228,6765,failed,timeout,NetBanking,2,returning,2026-08-22 01:26:26.461009
TX0229,3096,success,none,Wallet,1,returning,2026-08-24 22:23:26.461019
TX0230,1544,failed,timeout,NetBanking,2,frequent,2026-08-25 16:25:26.461028
TX0231,795,failed,network_error,Wallet,2,new,2026-08-25 02:42:26.461037
TX0232,7988,failed,bank_error,Wallet,2,frequent,2026-08-21 16:16:26.461046
TX0233,933,success,none,NetBanking,1,frequent,2026-08-20 22:23:26.461053
TX0234,3516,failed,bank_error,Card,2,new,2026-08-24 23:49:26.461064
TX0235,4421,success,none,Card,1,frequent,2026-08-21 12:29:26.461071
TX0236,1279,failed,network_error,UPI,1,new,2026-08-20 11:47:26.461080
TX0237,6745,success,none,Card,1,frequent,2026-08-23 13:31:26.461088
TX0238,2208,failed,network_error,NetBanking,2,frequent,2026-08-24 22:45:26.461097
TX0239,4808,success,none,Card,1,new,2026-08-21 03:43:26.461105
TX0240,8459,success,none,UPI,1,new,2026-08-20 12:20:26.461112
TX0241,1669,failed,insufficient_funds,Card,1,new,2026-08-25 13:15:26.461121
TX0242,5426,failed,insufficient_funds,UPI,3,returning,2026-08-25 13:59:26.461130
TX0243,6092,failed,bank_error,NetBanking,1,frequent,2026-08-21 00:54:26.461139
TX0244,4944,success,none,Card,1,returning,2026-08-23 00:24:26.461146
TX0245,5028,failed,network_error,UPI,3,returning,2026-08-23 15:37:26.461156
TX0246,9165,failed,network_error,UPI,2,new,2026-08-22 20:25:26.461165
TX0247,1827,success,none,Card,1,returning,2026-08-22 13:04:26.461173
TX0248,5496,failed,timeout,Wallet,2,frequent,2026-08-21 11:42:26.461185
TX0249,6080,success,none,Wallet,1,frequent,2026-08-22 13:24:26.461193
TX0250,463,success,none,UPI,1,new,2026-08-21 05:18:26.461201
TX0251,6149,success,none,Card,1,returning,2026-08-23 09:00:26.461210
TX0252,7679,success,none,NetBanking,1,returning,2026-08-24 15:28:26.461218
TX0253,9165,success,none,UPI,1,returning,2026-08-24 13:33:26.461226
TX0254,9559,success,none,Wallet,1,new,2026-08-21 18:30:26.461233
TX0255,884,success,none,Wallet,1,new,2026-08-24 17:06:26.461242
TX0256,4288,success,none,NetBanking,1,new,2026-08-25 01:00:26.461253
TX0257,8147,success,none,NetBanking,1,returning,2026-08-25 02:40:26.461262
TX0258,9000,failed,bank_error,NetBanking,1,returning,2026-08-25 01:38:26.461272
TX0259,6237,success,none,Card,1,frequent,2026-08-24 20:46:26.461281
TX0260,8100,failed,bank_error,NetBanking,2,returning,2026-08-23 13:34:26.461290
TX0261,9509,failed,timeout,NetBanking,1,new,2026-08-21 20:54:26.461302
TX0262,1283,success,none,Card,1,returning,2026-08-25 08:29:26.461311
TX0263,6237,success,none,NetBanking,1,new,2026-08-23 08:22:26.461319
TX0264,5246,success,none,UPI,1,new,2026-08-25 17:16:26.461327
TX0265,6642,success,none,Card,1,frequent,2026-08-23 15:28:26.461336
TX0266,5331,success,none,Wallet,1,frequent,2026-08-21 18:34:26.461344
TX0267,7180,success,none,NetBanking,1,frequent,2026-08-22 10:07:26.461353
TX0268,8059,success,none,NetBanking,1,frequent,2026-08-23 02:51:26.461363
TX0269,2779,success,none,NetBanking,1,new,2026-08-25 01:50:26.461371
TX0270,9124,success,none,NetBanking,1,new,2026-08-24 19:31:26.461381
TX0271,577,success,none,Wallet,1,new,2026-08-25 12:11:26.461389
TX0272,5351,success,none,UPI,1,new,2026-08-19 09:14:26.461398
TX0273,8163,failed,timeout,Card,2,new,2026-08-23 16:17:26.461407
TX0274,5938,failed,bank_error,NetBanking,2,new,2026-08-21 10:18:26.461417
TX0275,5848,success,none,Card,1,new,2026-08-23 22:35:26.461425
TX0276,8893,success,none,NetBanking,1,new,2026-08-25 18:49:26.461434
TX0277,384,success,none,Card,1,returning,2026-08-25 06:23:26.461443
TX0278,3260,success,none,UPI,1,returning,2026-08-22 15:43:26.461451
TX0279,4487,success,none,Wallet,1,returning,2026-08-21 20:14:26.461460
TX0280,6831,failed,timeout,NetBanking,3,returning,2026-08-21 07:17:26.461472
TX0281,8458,failed,network_error,Card,1,frequent,2026-08-23 03:40:26.461483
TX0282,1067,success,none,NetBanking,1,returning,2026-08-25 17:05:26.461492
TX0283,5550,success,none,UPI,1,new,2026-08-25 16:46:26.461501
TX0284,3654,failed,bank_error,Wallet,2,frequent,2026-08-24 03:48:26.461510
TX0285,3813,success,none,UPI,1,frequent,2026-08-23 21:57:26.461518
TX0286,2853,success,none,Card,1,new,2026-08-19 13:44:26.461527
TX0287,8965,success,none,Card,1,new,2026-08-22 14:59:26.461537
TX0288,6969,success,none,UPI,1,frequent,2026-08-24 01:59:26.461546
TX0289,942,success,none,Wallet,1,returning,2026-08-22 04:12:26.461554
TX0290,2933,success,none,NetBanking,1,frequent,2026-08-21 16:12:26.461565
TX0291,7553,success,none,UPI,1,new,2026-08-19 15:05:26.461575
TX0292,1605,success,none,Card,1,new,2026-08-21 22:38:26.461585
TX0293,3752,failed,timeout,Card,3,returning,2026-08-21 09:09:26.461597
TX0294,2766,success,none,Card,1,frequent,2026-08-20 00:54:26.461607
TX0295,8354,success,none,UPI,1,frequent,2026-08-22 09:36:26.461617
TX0296,7608,failed,network_error,Wallet,1,returning,2026-08-24 10:48:26.461629
TX0297,888,success,none,UPI,1,returning,2026-08-22 04:28:26.461639
TX0298,3572,failed,insufficient_funds,UPI,1,frequent,2026-08-21 15:12:26.461650
TX0299,7746,success,none,Card,1,new,2026-08-24 23:57:26.461659
TX0300,6444,success,none,Wallet,1,frequent,2026-08-21 21:07:26.461668
TX0301,6892,failed,bank_error,Wallet,3,new,2026-08-24 08:18:26.461678
TX0302,264,success,none,Card,1,frequent,2026-08-24 08:33:26.461688
TX0303,6085,success,none,NetBanking,1,frequent,2026-08-20 11:20:26.461699
TX0304,8891,success,none,Card,1,new,2026-08-22 20:37:26.461712
TX0305,4836,success,none,NetBanking,1,returning,2026-08-21 17:31:26.461721
TX0306,1503,success,none,Wallet,1,new,2026-08-21 21:44:26.461731
TX0307,6962,success,none,UPI,1,new,2026-08-23 23:25:26.461743
TX0308,7174,success,none,Wallet,1,returning,2026-08-25 09:50:26.461753
TX0309,7430,success,none,NetBanking,1,new,2026-08-23 21:02:26.461763
TX0310,1366,failed,insufficient_funds,NetBanking,1,frequent,2026-08-25 01:32:26.461776
TX0311,9166,success,none,Card,1,new,2026-08-19 08:16:26.461785
TX0312,6697,success,none,Wallet,1,new,2026-08-24 10:44:26.461794
TX0313,1742,success,none,Wallet,1,new,2026-08-20 03:03:26.461804
TX0314,6101,success,none,UPI,1,new,2026-08-19 02:31:26.461814
TX0315,6054,failed,bank_error,Card,3,new,2026-08-23 03:09:26.461825
TX0316,2175,success,none,Card,1,new,2026-08-25 21:40:26.461835
TX0317,1617,success,none,UPI,1,new,2026-08-20 19:06:26.461844
TX0318,7406,success,none,UPI,1,returning,2026-08-23 17:37:26.461854
TX0319,874,success,none,Wallet,1,frequent,2026-08-23 18:49:26.461864
TX0320,5485,success,none,NetBanking,1,new,2026-08-22 05:55:26.461888
TX0321,4893,success,none,Card,1,frequent,2026-08-23 15:18:26.461898
TX0322,4182,success,none,Card,1,returning,2026-08-22 14:20:26.461907
TX0323,1294,failed,network_error,UPI,2,returning,2026-08-22 17:08:26.461916
TX0324,3819,success,none,UPI,1,frequent,2026-08-23 06:50:26.461926
TX0325,2035,success,none,Card,1,new,2026-08-21 19:26:26.461934
TX0326,388,success,none,NetBanking,1,frequent,2026-08-20 13:33:26.461946
TX0327,5998,failed,bank_error,NetBanking,2,returning,2026-08-22 20:24:26.461956
TX0328,4551,success,none,NetBanking,1,new,2026-08-20 02:23:26.461965
TX0329,276,success,none,NetBanking,1,frequent,2026-08-23 13:07:26.461973
TX0330,865,success,none,UPI,1,frequent,2026-08-21 11:33:26.461981
TX0331,9462,success,none,Wallet,1,frequent,2026-08-24 09:58:26.461990
TX0332,4005,success,none,NetBanking,1,frequent,2026-08-21 17:53:26.461998
TX0333,4495,success,none,Wallet,1,new,2026-08-20 04:43:26.462007
TX0334,7427,success,none,NetBanking,1,new,2026-08-21 15:03:26.462015
TX0335,5883,success,none,Wallet,1,frequent,2026-08-22 00:09:26.462023
TX0336,2473,failed,network_error,NetBanking,3,frequent,2026-08-22 16:26:26.462034
TX0337,4156,success,none,NetBanking,1,frequent,2026-08-25 14:16:26.462042
TX0338,6240,success,none,NetBanking,1,new,2026-08-25 16:37:26.462050
TX0339,2678,failed,network_error,Wallet,1,frequent,2026-08-21 16:59:26.462059
TX0340,7932,failed,network_error,Wallet,2,frequent,2026-08-24 07:56:26.462070
TX0341,1947,success,none,NetBanking,1,frequent,2026-08-19 04:16:26.462078
TX0342,6607,failed,bank_error,Card,2,new,2026-08-23 19:31:26.462088
TX0343,6279,success,none,Card,1,returning,2026-08-24 02:35:26.462097
TX0344,708,success,none,UPI,1,new,2026-08-19 08:21:26.462108
TX0345,2180,success,none,Wallet,1,frequent,2026-08-22 21:37:26.462117
TX0346,9682,success,none,NetBanking,1,frequent,2026-08-23 17:54:26.462147
TX0347,7616,success,none,Wallet,1,new,2026-08-21 01:29:26.462156
TX0348,9744,success,none,Card,1,frequent,2026-08-20 01:34:26.462165
TX0349,7360,success,none,Card,1,returning,2026-08-22 03:21:26.462173
TX0350,285,failed,bank_error,NetBanking,1,frequent,2026-08-24 13:59:26.462183
TX0351,5824,success,none,Card,1,frequent,2026-08-23 18:04:26.462191
TX0352,3931,success,none,Card,1,frequent,2026-08-23 16:15:26.462200
TX0353,7378,success,none,Wallet,1,frequent,2026-08-20 13:50:26.462208
TX0354,2047,failed,insufficient_funds,Wallet,1,returning,2026-08-22 21:34:26.462220
TX0355,9325,success,none,Card,1,returning,2026-08-19 16:19:26.462228
TX0356,396,success,none,UPI,1,new,2026-08-23 12:04:26.462237
TX0357,6124,success,none,Card,1,returning,2026-08-25 11:04:26.462246
TX0358,9465,success,none,Wallet,1,frequent,2026-08-20 16:52:26.462254
TX0359,2991,success,none,NetBanking,1,new,2026-08-24 09:38:26.462262
TX0360,4941,success,none,Wallet,1,returning,2026-08-20 22:16:26.462271
TX0361,2703,success,none,NetBanking,1,new,2026-08-22 14:33:26.462279
TX0362,8354,success,none,Wallet,1,new,2026-08-25 03:13:26.462288
TX0363,8599,success,none,NetBanking,1,returning,2026-08-23 02:29:26.462296
TX0364,6125,success,none,Card,1,new,2026-08-24 18:29:26.462305
TX0365,5075,success,none,Card,1,new,2026-08-24 00:22:26.462316
TX0366,7921,success,none,NetBanking,1,frequent,2026-08-19 01:55:26.462324
TX0367,7834,success,none,Wallet,1,new,2026-08-24 10:43:26.462333
TX0368,9912,failed,insufficient_funds,NetBanking,1,new,2026-08-21 17:16:26.462342
TX0369,625,success,none,Wallet,1,new,2026-08-24 03:13:26.462351
TX0370,5140,success,none,NetBanking,1,frequent,2026-08-19 06:36:26.462358
TX0371,5577,success,none,NetBanking,1,new,2026-08-20 13:05:26.462366
TX0372,2246,success,none,NetBanking,1,returning,2026-08-19 01:00:26.462374
TX0373,1011,success,none,Wallet,1,frequent,2026-08-22 19:29:26.462383
TX0374,636,failed,bank_error,NetBanking,1,new,2026-08-21 07:09:26.462392
TX0375,3685,success,none,NetBanking,1,returning,2026-08-20 10:54:26.462400
TX0376,2794,success,none,NetBanking,1,frequent,2026-08-23 17:51:26.462409
TX0377,936,success,none,NetBanking,1,new,2026-08-19 20:09:26.462417
TX0378,3175,success,none,Wallet,1,new,2026-08-22 13:06:26.462425
TX0379,3702,success,none,Wallet,1,returning,2026-08-24 12:27:26.462434
TX0380,8372,success,none,NetBanking,1,frequent,2026-08-22 19:43:26.462442
TX0381,7619,success,none,UPI,1,new,2026-08-24 15:40:26.462450
TX0382,2187,success,none,Wallet,1,new,2026-08-19 13:51:26.462458
TX0383,4791,success,none,Card,1,new,2026-08-23 19:44:26.462465
TX0384,3271,failed,timeout,Card,3,returning,2026-08-24 05:05:26.462473
TX0385,6672,success,none,NetBanking,1,new,2026-08-19 11:07:26.462483
TX0386,2518,success,none,UPI,1,frequent,2026-08-24 13:17:26.462491
TX0387,693,failed,insufficient_funds,UPI,3,new,2026-08-22 22:55:26.462500
TX0388,3049,success,none,Card,1,new,2026-08-22 21:04:26.462509
TX0389,409,success,none,UPI,1,returning,2026-08-25 13:51:26.462516
TX0390,1883,success,none,Wallet,1,returning,2026-08-21 20:17:26.462525
TX0391,2541,success,none,Wallet,1,frequent,2026-08-21 12:29:26.462533
TX0392,5393,failed,bank_error,Wallet,2,new,2026-08-21 23:49:26.462541
TX0393,8802,success,none,Card,1,returning,2026-08-25 22:05:26.462549
TX0394,9199,failed,timeout,NetBanking,2,new,2026-08-21 23:54:26.462559
TX0395,2511,success,none,NetBanking,1,frequent,2026-08-23 19:19:26.462566
TX0396,489,failed,network_error,NetBanking,1,new,2026-08-21 11:10:26.462574
TX0397,3160,success,none,UPI,1,frequent,2026-08-24 16:43:26.462583
TX0398,8989,success,none,Card,1,new,2026-08-19 00:04:26.462590
TX0399,3771,success,none,Card,1,frequent,2026-08-25 09:31:26.462598
TX0400,6343,failed,bank_error,UPI,3,new,2026-08-19 01:03:26.462608
TX0401,1276,failed,timeout,Wallet,2,frequent,2026-08-19 19:50:26.462616
TX0402,7772,success,none,UPI,1,frequent,2026-08-22 11:41:26.462625
TX0403,9536,success,none,UPI,1,frequent,2026-08-23 04:27:26.462632
TX0404,9994,success,none,Wallet,1,new,2026-08-21 20:19:26.462642
TX0405,5780,failed,insufficient_funds,Card,1,frequent,2026-08-23 10:27:26.462651
TX0406,678,success,none,Wallet,1,returning,2026-08-19 17:29:26.462659
TX0407,6278,success,none,NetBanking,1,returning,2026-08-23 08:59:26.462666
TX0408,1325,failed,bank_error,NetBanking,1,returning,2026-08-22 12:03:26.462677
TX0409,2730,success,none,Card,1,frequent,2026-08-20 06:41:26.462686
TX0410,3866,success,none,Wallet,1,frequent,2026-08-24 23:06:26.462694
TX0411,2100,success,none,UPI,1,returning,2026-08-21 16:23:26.462702
TX0412,5948,success,none,Wallet,1,new,2026-08-21 10:34:26.462709
TX0413,7441,success,none,Wallet,1,new,2026-08-21 19:39:26.462716
TX0414,7969,success,none,Wallet,1,frequent,2026-08-25 20:40:26.462724
TX0415,699,success,none,NetBanking,1,new,2026-08-24 22:45:26.462731
TX0416,4013,failed,bank_error,Card,1,frequent,2026-08-24 06:37:26.462742
TX0417,7279,failed,network_error,NetBanking,2,returning,2026-08-21 22:54:26.462752
TX0418,1013,failed,bank_error,Wallet,2,frequent,2026-08-23 05:16:26.462761
TX0419,7910,success,none,Wallet,1,new,2026-08-22 14:32:26.462770
TX0420,7589,success,none,Wallet,1,frequent,2026-08-25 02:55:26.462779
TX0421,1983,success,none,Card,1,returning,2026-08-20 03:33:26.462787
TX0422,2931,success,none,Wallet,1,frequent,2026-08-21 02:52:26.462796
TX0423,2214,success,none,Card,1,returning,2026-08-22 14:31:26.462804
TX0424,7145,success,none,Card,1,new,2026-08-22 13:16:26.462816
TX0425,5968,success,none,UPI,1,frequent,2026-08-25 07:50:26.462825
TX0426,3012,success,none,UPI,1,frequent,2026-08-19 02:59:26.462833
TX0427,9818,success,none,UPI,1,frequent,2026-08-19 21:11:26.462842
TX0428,1981,failed,insufficient_funds,UPI,1,frequent,2026-08-24 11:58:26.462851
TX0429,8955,failed,timeout,UPI,3,returning,2026-08-21 15:12:26.462863
TX0430,1552,success,none,Wallet,1,new,2026-08-24 08:09:26.462873
TX0431,9713,success,none,Wallet,1,new,2026-08-22 04:59:26.462884
TX0432,9771,success,none,NetBanking,1,new,2026-08-21 04:26:26.462893
TX0433,493,success,none,UPI,1,frequent,2026-08-23 11:57:26.462901
TX0434,4527,success,none,Card,1,frequent,2026-08-22 01:42:26.462910
TX0435,2253,failed,insufficient_funds,NetBanking,1,returning,2026-08-25 02:54:26.462920
TX0436,931,success,none,Card,1,new,2026-08-21 07:53:26.462929
TX0437,8750,success,none,UPI,1,returning,2026-08-20 17:30:26.462937
TX0438,5305,failed,bank_error,Card,3,returning,2026-08-24 02:28:26.462948
TX0439,4684,success,none,NetBanking,1,new,2026-08-19 14:27:26.462956
TX0440,3787,failed,insufficient_funds,Card,1,returning,2026-08-21 05:50:26.462966
TX0441,4238,failed,network_error,UPI,1,frequent,2026-08-20 22:13:26.462975
TX0442,931,failed,insufficient_funds,Card,2,frequent,2026-08-22 08:48:26.462985
TX0443,589,success,none,Card,1,frequent,2026-08-21 18:15:26.462995
TX0444,2835,failed,bank_error,Card,3,new,2026-08-23 09:04:26.463004
TX0445,7419,success,none,UPI,1,new,2026-08-19 12:43:26.463013
TX0446,9395,failed,insufficient_funds,Wallet,1,returning,2026-08-19 06:49:26.463023
TX0447,1922,failed,bank_error,UPI,3,returning,2026-08-24 23:48:26.463034
TX0448,6307,failed,bank_error,UPI,3,returning,2026-08-24 19:56:26.463043
TX0449,5656,success,none,NetBanking,1,new,2026-08-19 09:12:26.463052
TX0450,323,failed,timeout,Card,3,new,2026-08-24 23:17:26.463062
TX0451,9381,success,none,NetBanking,1,new,2026-08-24 18:12:26.463070
TX0452,6405,success,none,NetBanking,1,new,2026-08-20 04:14:26.463079
TX0453,5108,success,none,Card,1,returning,2026-08-24 11:49:26.463087
TX0454,4435,success,none,NetBanking,1,new,2026-08-25 18:21:26.463097
TX0455,360,success,none,UPI,1,frequent,2026-08-20 02:49:26.463105
TX0456,801,success,none,Wallet,1,returning,2026-08-22 04:38:26.463114
TX0457,3220,failed,network_error,UPI,2,new,2026-08-24 05:31:26.463124
TX0458,357,success,none,NetBanking,1,frequent,2026-08-20 00:18:26.463135
TX0459,384,success,none,NetBanking,1,frequent,2026-08-20 18:23:26.463216
TX0460,2584,success,none,Wallet,1,frequent,2026-08-24 08:20:26.463271
TX0461,5724,success,none,Card,1,new,2026-08-21 08:17:26.463289
TX0462,7407,failed,insufficient_funds,UPI,1,new,2026-08-21 22:00:26.463311
TX0463,421,failed,bank_error,Wallet,2,new,2026-08-21 22:03:26.463338
TX0464,1854,success,none,Card,1,new,2026-08-25 05:06:26.463354
TX0465,8553,success,none,NetBanking,1,frequent,2026-08-21 03:31:26.463370
TX0466,5239,failed,network_error,Wallet,1,new,2026-08-21 15:36:26.463388
TX0467,1875,success,none,NetBanking,1,returning,2026-08-25 07:00:26.463403
TX0468,1020,success,none,Wallet,1,frequent,2026-08-24 00:06:26.463418
TX0469,5509,success,none,UPI,1,frequent,2026-08-24 21:51:26.463436
TX0470,7155,success,none,Card,1,new,2026-08-25 00:20:26.463451
TX0471,8362,failed,network_error,Wallet,2,frequent,2026-08-20 22:31:26.463481
TX0472,6309,failed,bank_error,UPI,1,returning,2026-08-25 00:51:26.463498
TX0473,3592,failed,bank_error,Card,2,returning,2026-08-22 12:16:26.463515
TX0474,6935,success,none,NetBanking,1,frequent,2026-08-19 09:34:26.463535
TX0475,7191,success,none,UPI,1,returning,2026-08-22 19:00:26.463550
TX0476,1146,success,none,Wallet,1,frequent,2026-08-19 05:27:26.463564
TX0477,5409,success,none,Wallet,1,new,2026-08-23 22:00:26.463578
TX0478,2999,success,none,NetBanking,1,frequent,2026-08-21 22:18:26.463593
TX0479,1237,failed,insufficient_funds,UPI,1,returning,2026-08-19 21:14:26.463609
TX0480,9857,success,none,NetBanking,1,returning,2026-08-25 08:28:26.463623
TX0481,1894,failed,timeout,UPI,2,returning,2026-08-20 21:34:26.463639
TX0482,9477,failed,insufficient_funds,UPI,3,new,2026-08-19 13:10:26.463659
TX0483,1692,success,none,UPI,1,new,2026-08-25 00:28:26.463673
TX0484,9891,success,none,UPI,1,returning,2026-08-19 14:44:26.463688
TX0485,230,success,none,UPI,1,frequent,2026-08-20 17:59:26.463702
TX0486,7348,success,none,NetBanking,1,new,2026-08-25 04:34:26.463718
TX0487,2029,success,none,NetBanking,1,frequent,2026-08-24 12:24:26.463733
TX0488,1247,failed,insufficient_funds,UPI,1,new,2026-08-25 09:42:26.463751
TX0489,7138,success,none,Wallet,1,returning,2026-08-22 21:10:26.463771
TX0490,9502,success,none,NetBanking,1,new,2026-08-24 01:18:26.463785
TX0491,1779,failed,network_error,UPI,2,frequent,2026-08-25 09:14:26.463802
TX0492,6525,success,none,Card,1,new,2026-08-24 09:01:26.463817
TX0493,3554,failed,network_error,UPI,2,new,2026-08-22 18:30:26.463833
TX0494,5265,success,none,NetBanking,1,returning,2026-08-22 15:24:26.463850
TX0495,9609,success,none,Wallet,1,new,2026-08-21 23:20:26.463864
TX0496,9574,success,none,UPI,1,frequent,2026-08-20 03:33:26.463876
TX0497,2146,success,none,Card,1,new,2026-08-19 00:23:26.463906
TX0498,1740,success,none,Card,1,frequent,2026-08-23 22:36:26.463921
TX0499,3689,success,none,NetBanking,1,returning,2026-08-19 12:39:26.463934
TX0500,6701,success,none,Card,1,frequent,2026-08-22 10:47:26.463947
TX0501,4590,failed,insufficient_funds,UPI,3,frequent,2026-08-21 18:56:26.463963
TX0502,6813,success,none,UPI,1,frequent,2026-08-23 10:20:26.463980
TX0503,3807,success,none,NetBanking,1,frequent,2026-08-20 13:11:26.463993
TX0504,1683,success,none,UPI,1,new,2026-08-22 12:44:26.464004
TX0505,5970,success,none,Wallet,1,returning,2026-08-21 12:03:26.464014
TX0506,9560,success,none,Wallet,1,frequent,2026-08-25 10:16:26.464025
TX0507,6560,success,none,Wallet,1,returning,2026-08-20 22:45:26.464036
TX0508,1643,failed,timeout,Card,3,frequent,2026-08-25 16:35:26.464048
TX0509,267,success,none,UPI,1,frequent,2026-08-19 12:47:26.464059
TX0510,9277,success,none,Card,1,frequent,2026-08-23 11:53:26.464069
TX0511,7915,success,none,UPI,1,returning,2026-08-22 12:06:26.464080
TX0512,365,success,none,UPI,1,frequent,2026-08-19 06:57:26.464090
TX0513,1913,failed,network_error,Card,3,returning,2026-08-21 10:04:26.464102
TX0514,1129,success,none,NetBanking,1,frequent,2026-08-21 13:22:26.464113
TX0515,3321,success,none,UPI,1,new,2026-08-21 09:06:26.464124
TX0516,9208,success,none,NetBanking,1,new,2026-08-19 12:28:26.464137
TX0517,4517,success,none,Wallet,1,frequent,2026-08-23 01:08:26.464149
TX0518,3773,failed,timeout,UPI,1,frequent,2026-08-23 08:13:26.464378
TX0519,7310,success,none,UPI,1,returning,2026-08-23 20:57:26.464480
TX0520,5282,success,none,Wallet,1,frequent,2026-08-23 21:47:26.464510
TX0521,6838,success,none,Card,1,new,2026-08-21 04:41:26.464530
TX0522,6215,success,none,Wallet,1,frequent,2026-08-23 14:03:26.464547
TX0523,3573,success,none,Wallet,1,frequent,2026-08-21 15:05:26.464558
TX0524,5840,success,none,Wallet,1,frequent,2026-08-21 10:32:26.464569
TX0525,4027,failed,bank_error,Card,1,frequent,2026-08-19 22:56:26.464582
TX0526,9886,success,none,NetBanking,1,returning,2026-08-21 03:35:26.464593
TX0527,5649,failed,network_error,Wallet,2,returning,2026-08-24 06:17:26.464604
TX0528,5513,success,none,Card,1,frequent,2026-08-21 23:43:26.464614
TX0529,7331,success,none,NetBanking,1,new,2026-08-25 18:22:26.464625
TX0530,9098,success,none,Card,1,new,2026-08-25 13:26:26.464636
TX0531,7648,success,none,NetBanking,1,frequent,2026-08-23 23:30:26.464646
TX0532,1778,failed,bank_error,NetBanking,1,returning,2026-08-24 06:43:26.464658
TX0533,2065,success,none,Card,1,returning,2026-08-19 05:36:26.464666
TX0534,3941,success,none,Card,1,new,2026-08-21 10:01:26.464673
TX0535,5353,failed,timeout,Card,2,returning,2026-08-24 20:01:26.464684
TX0536,3977,success,none,UPI,1,returning,2026-08-23 14:55:26.464690
TX0537,8304,failed,insufficient_funds,NetBanking,2,returning,2026-08-22 11:45:26.464698
TX0538,8087,success,none,Card,1,returning,2026-08-24 13:20:26.464704
TX0539,1311,failed,network_error,NetBanking,1,returning,2026-08-23 09:38:26.464710
TX0540,3536,success,none,NetBanking,1,returning,2026-08-23 22:26:26.464716
TX0541,2899,success,none,Card,1,new,2026-08-25 07:34:26.464724
TX0542,8400,success,none,NetBanking,1,frequent,2026-08-25 01:44:26.464733
TX0543,7462,success,none,NetBanking,1,returning,2026-08-25 11:34:26.464743
TX0544,2159,failed,insufficient_funds,Wallet,1,returning,2026-08-21 18:06:26.464753
TX0545,6041,success,none,Wallet,1,new,2026-08-23 19:45:26.464764
TX0546,9289,success,none,NetBanking,1,returning,2026-08-19 03:41:26.464774
TX0547,7267,failed,bank_error,Wallet,2,frequent,2026-08-20 14:35:26.464786
TX0548,5276,success,none,NetBanking,1,returning,2026-08-24 22:24:26.464796
TX0549,3327,failed,bank_error,Card,2,frequent,2026-08-25 21:37:26.464808
TX0550,9921,failed,network_error,Card,3,new,2026-08-20 19:23:26.464821
TX0551,9773,success,none,NetBanking,1,returning,2026-08-23 02:16:26.464832
TX0552,9606,success,none,NetBanking,1,frequent,2026-08-20 03:31:26.464843
TX0553,5207,success,none,UPI,1,new,2026-08-21 02:51:26.464854
TX0554,979,success,none,UPI,1,frequent,2026-08-20 14:57:26.464864
TX0555,3431,success,none,Card,1,returning,2026-08-22 14:26:26.464873
TX0556,7500,failed,network_error,Card,3,new,2026-08-24 08:22:26.464882
TX0557,4706,success,none,NetBanking,1,frequent,2026-08-20 22:54:26.464890
TX0558,7681,success,none,Card,1,returning,2026-08-22 14:27:26.464903
TX0559,9929,success,none,Card,1,new,2026-08-25 16:37:26.464912
TX0560,1269,success,none,NetBanking,1,new,2026-08-25 16:34:26.464919
TX0561,2434,success,none,NetBanking,1,returning,2026-08-21 06:53:26.464926
TX0562,862,failed,bank_error,Wallet,2,new,2026-08-19 09:56:26.464933
TX0563,5554,success,none,UPI,1,returning,2026-08-23 15:01:26.464939
TX0564,9846,success,none,UPI,1,returning,2026-08-23 21:32:26.464945
TX0565,9584,failed,timeout,Wallet,1,new,2026-08-20 07:26:26.464952
TX0566,4443,success,none,UPI,1,returning,2026-08-25 03:50:26.464958
TX0567,2632,failed,bank_error,Wallet,3,returning,2026-08-24 04:54:26.464965
TX0568,4965,failed,bank_error,Wallet,1,new,2026-08-24 11:16:26.464973
TX0569,1727,failed,network_error,NetBanking,3,new,2026-08-23 03:41:26.464981
TX0570,7939,success,none,UPI,1,new,2026-08-25 22:17:26.464987
TX0571,8064,success,none,NetBanking,1,frequent,2026-08-20 21:54:26.464993
TX0572,3589,success,none,NetBanking,1,frequent,2026-08-24 20:17:26.465000
TX0573,4942,success,none,UPI,1,new,2026-08-24 04:34:26.465006
TX0574,8414,failed,timeout,Wallet,1,new,2026-08-22 13:55:26.465013
TX0575,8452,success,none,Card,1,returning,2026-08-24 22:43:26.465019
TX0576,7465,success,none,Card,1,returning,2026-08-22 09:53:26.465025
TX0577,637,success,none,Card,1,returning,2026-08-23 09:03:26.465031
TX0578,2552,failed,network_error,Wallet,3,returning,2026-08-24 12:54:26.465037
TX0579,4984,success,none,NetBanking,1,new,2026-08-24 12:57:26.465043
TX0580,9997,failed,timeout,NetBanking,3,returning,2026-08-21 07:46:26.465053
TX0581,8966,success,none,UPI,1,new,2026-08-25 20:31:26.465059
TX0582,5791,failed,insufficient_funds,UPI,3,returning,2026-08-20 22:56:26.465067
TX0583,2612,success,none,UPI,1,frequent,2026-08-20 00:16:26.465073
TX0584,2578,success,none,Wallet,1,new,2026-08-24 05:12:26.465079
TX0585,7675,failed,network_error,Card,2,new,2026-08-25 08:32:26.465092
TX0586,1592,failed,timeout,Wallet,3,frequent,2026-08-22 05:45:26.465100
TX0587,7323,success,none,NetBanking,1,returning,2026-08-21 06:01:26.465106
TX0588,8558,success,none,Wallet,1,frequent,2026-08-21 05:01:26.465113
TX0589,2884,success,none,UPI,1,new,2026-08-22 01:42:26.465118
TX0590,996,failed,bank_error,NetBanking,3,new,2026-08-21 07:52:26.465126
TX0591,7831,success,none,Wallet,1,returning,2026-08-23 04:28:26.465132
TX0592,1882,success,none,Wallet,1,frequent,2026-08-20 17:08:26.465138
TX0593,6642,failed,network_error,Card,3,returning,2026-08-25 12:43:26.465144
TX0594,8151,success,none,NetBanking,1,returning,2026-08-21 23:22:26.465153
TX0595,6150,success,none,Card,1,returning,2026-08-21 18:47:26.465163
TX0596,4967,failed,network_error,Wallet,2,returning,2026-08-20 00:51:26.465170
TX0597,2959,failed,network_error,Wallet,2,new,2026-08-21 20:41:26.465177
TX0598,5796,success,none,UPI,1,new,2026-08-21 22:28:26.465184
TX0599,5893,success,none,Card,1,returning,2026-08-24 01:27:26.465193
TX0600,5601,success,none,NetBanking,1,new,2026-08-23 06:57:26.465199
TX0601,1728,success,none,Wallet,1,frequent,2026-08-21 16:17:26.465206
TX0602,8564,success,none,Card,1,returning,2026-08-22 13:24:26.465213
TX0603,9046,success,none,NetBanking,1,returning,2026-08-23 22:07:26.465218
TX0604,1544,success,none,UPI,1,new,2026-08-24 11:02:26.465225
TX0605,391,success,none,UPI,1,frequent,2026-08-23 01:55:26.465232
TX0606,7411,failed,insufficient_funds,NetBanking,3,new,2026-08-20 23:23:26.465238
TX0607,6370,failed,bank_error,NetBanking,3,returning,2026-08-25 16:52:26.465245
TX0608,7565,success,none,UPI,1,frequent,2026-08-19 16:00:26.465251
TX0609,4720,success,none,NetBanking,1,returning,2026-08-24 16:59:26.465258
TX0610,1951,success,none,Card,1,new,2026-08-20 21:35:26.465263
TX0611,1965,success,none,Wallet,1,returning,2026-08-24 02:17:26.465270
TX0612,1099,failed,insufficient_funds,Card,3,new,2026-08-25 08:19:26.465281
TX0613,2117,success,none,Card,1,new,2026-08-24 04:55:26.465288
TX0614,7350,success,none,NetBanking,1,frequent,2026-08-19 06:50:26.465294
TX0615,949,success,none,NetBanking,1,frequent,2026-08-19 09:37:26.465299
TX0616,9816,success,none,Wallet,1,returning,2026-08-22 17:25:26.465305
TX0617,3417,failed,network_error,Wallet,1,frequent,2026-08-25 01:44:26.465313
TX0618,5214,success,none,Card,1,returning,2026-08-24 04:43:26.465319
TX0619,7082,success,none,Card,1,frequent,2026-08-23 05:19:26.465327
TX0620,1838,success,none,Card,1,returning,2026-08-24 01:11:26.465333
TX0621,7924,success,none,Card,1,returning,2026-08-22 00:00:26.465339
TX0622,1140,success,none,UPI,1,new,2026-08-20 17:20:26.465345
TX0623,6170,success,none,Wallet,1,returning,2026-08-22 13:37:26.465351
TX0624,6655,success,none,Card,1,new,2026-08-22 14:09:26.465357
TX0625,6091,success,none,Card,1,new,2026-08-20 17:44:26.465363
TX0626,7620,success,none,Card,1,new,2026-08-23 05:13:26.465369
TX0627,6189,success,none,Card,1,new,2026-08-24 22:16:26.465376
TX0628,8582,failed,timeout,Wallet,1,frequent,2026-08-23 15:46:26.465384
TX0629,9885,failed,insufficient_funds,Card,3,new,2026-08-25 00:36:26.465391
TX0630,6260,success,none,UPI,1,new,2026-08-20 08:13:26.465398
TX0631,2199,success,none,UPI,1,returning,2026-08-19 15:42:26.465409
TX0632,4671,success,none,NetBanking,1,returning,2026-08-22 22:42:26.465420
TX0633,1927,success,none,NetBanking,1,returning,2026-08-25 16:45:26.465430
TX0634,1630,success,none,NetBanking,1,new,2026-08-25 10:19:26.465440
TX0635,5763,success,none,NetBanking,1,frequent,2026-08-23 22:45:26.465504
TX0636,948,success,none,Card,1,new,2026-08-19 10:57:26.465520
TX0637,3801,success,none,UPI,1,frequent,2026-08-20 13:34:26.465531
TX0638,5646,success,none,Card,1,returning,2026-08-20 12:49:26.465546
TX0639,6654,success,none,Card,1,frequent,2026-08-24 02:31:26.465552
TX0640,5280,failed,bank_error,Card,2,returning,2026-08-25 08:51:26.465561
TX0641,4566,failed,bank_error,NetBanking,1,returning,2026-08-21 01:07:26.465569
TX0642,1137,success,none,UPI,1,new,2026-08-24 20:36:26.465575
TX0643,8609,success,none,Wallet,1,returning,2026-08-19 10:02:26.465582
TX0644,9141,success,none,Card,1,frequent,2026-08-23 15:14:26.465591
TX0645,2622,failed,timeout,NetBanking,2,frequent,2026-08-24 06:59:26.465599
TX0646,8540,failed,bank_error,Wallet,2,returning,2026-08-20 13:50:26.465606
TX0647,9216,success,none,Card,1,returning,2026-08-25 20:21:26.465612
TX0648,476,success,none,Card,1,new,2026-08-22 21:06:26.465619
TX0649,4066,success,none,UPI,1,frequent,2026-08-21 14:44:26.465625
TX0650,3703,failed,timeout,NetBanking,2,returning,2026-08-24 05:32:26.465632
TX0651,2460,success,none,Wallet,1,returning,2026-08-19 15:01:26.465638
TX0652,9977,failed,bank_error,NetBanking,1,new,2026-08-21 19:24:26.465645
TX0653,9411,success,none,Wallet,1,returning,2026-08-25 05:12:26.465651
TX0654,9503,failed,timeout,NetBanking,2,returning,2026-08-21 09:55:26.465657
TX0655,4351,success,none,UPI,1,frequent,2026-08-24 15:37:26.465664
TX0656,1947,failed,insufficient_funds,Wallet,3,new,2026-08-24 21:17:26.465670
TX0657,6077,success,none,UPI,1,returning,2026-08-24 03:26:26.465676
TX0658,2036,success,none,Wallet,1,frequent,2026-08-23 09:14:26.465685
TX0659,1626,failed,timeout,NetBanking,3,new,2026-08-23 14:27:26.465692
TX0660,6135,success,none,NetBanking,1,returning,2026-08-21 19:30:26.465698
TX0661,910,success,none,UPI,1,frequent,2026-08-21 02:37:26.465704
TX0662,6966,failed,bank_error,UPI,1,new,2026-08-22 17:05:26.465711
TX0663,4693,failed,insufficient_funds,Wallet,2,frequent,2026-08-21 04:49:26.465720
TX0664,3063,success,none,UPI,1,frequent,2026-08-24 01:15:26.465727
TX0665,1275,success,none,NetBanking,1,returning,2026-08-19 14:21:26.465736
TX0666,275,success,none,NetBanking,1,frequent,2026-08-19 05:50:26.465814
TX0667,1974,success,none,UPI,1,new,2026-08-19 12:49:26.465827
TX0668,1585,success,none,NetBanking,1,new,2026-08-21 23:52:26.465834
TX0669,374,success,none,Card,1,new,2026-08-21 05:39:26.465840
TX0670,665,success,none,Card,1,returning,2026-08-20 18:55:26.465846
TX0671,2140,success,none,NetBanking,1,returning,2026-08-25 00:48:26.465852
TX0672,314,success,none,UPI,1,new,2026-08-20 13:36:26.465859
TX0673,7329,success,none,Wallet,1,new,2026-08-22 20:30:26.465865
TX0674,5663,success,none,Wallet,1,frequent,2026-08-24 08:55:26.465875
TX0675,773,success,none,UPI,1,new,2026-08-21 02:31:26.465881
TX0676,5744,success,none,Card,1,returning,2026-08-19 14:59:26.465887
TX0677,5273,success,none,NetBanking,1,returning,2026-08-22 08:17:26.465897
TX0678,1854,failed,bank_error,NetBanking,3,frequent,2026-08-23 03:06:26.465905
TX0679,7134,failed,network_error,UPI,2,returning,2026-08-25 09:48:26.465913
TX0680,6235,success,none,NetBanking,1,new,2026-08-22 17:50:26.465919
TX0681,4486,failed,bank_error,UPI,3,frequent,2026-08-19 16:54:26.465926
TX0682,9498,failed,timeout,Card,3,frequent,2026-08-19 01:25:26.465934
TX0683,4576,success,none,Wallet,1,new,2026-08-20 18:57:26.465940
TX0684,8585,failed,network_error,Wallet,2,frequent,2026-08-22 14:06:26.465948
TX0685,6684,success,none,UPI,1,returning,2026-08-21 09:08:26.465954
TX0686,3368,success,none,UPI,1,frequent,2026-08-24 10:42:26.465963
TX0687,9956,failed,network_error,Wallet,3,returning,2026-08-21 04:27:26.465970
TX0688,3098,success,none,Wallet,1,returning,2026-08-21 19:23:26.465977
TX0689,5661,success,none,NetBanking,1,new,2026-08-23 03:51:26.465983
TX0690,9852,success,none,UPI,1,frequent,2026-08-21 16:46:26.465989
TX0691,8838,success,none,NetBanking,1,returning,2026-08-19 03:06:26.465995
TX0692,4179,success,none,Card,1,frequent,2026-08-25 03:41:26.466001
TX0693,4547,failed,network_error,Card,2,new,2026-08-25 22:31:26.466007
TX0694,848,success,none,Wallet,1,new,2026-08-22 20:53:26.466014
TX0695,2613,success,none,Card,1,new,2026-08-21 18:29:26.466020
TX0696,4033,success,none,Card,1,returning,2026-08-19 01:29:26.466027
TX0697,5271,success,none,Wallet,1,new,2026-08-24 05:02:26.466035
TX0698,6486,success,none,NetBanking,1,returning,2026-08-20 06:26:26.466041
TX0699,4565,success,none,NetBanking,1,new,2026-08-24 10:19:26.466047
TX0700,5549,success,none,Card,1,new,2026-08-20 06:35:26.466053
TX0701,2782,success,none,UPI,1,frequent,2026-08-23 05:39:26.466060
TX0702,8126,failed,timeout,Wallet,2,returning,2026-08-24 04:14:26.466066
TX0703,6677,success,none,NetBanking,1,new,2026-08-22 15:37:26.466072
TX0704,4650,success,none,UPI,1,returning,2026-08-24 18:35:26.466078
TX0705,5261,success,none,UPI,1,new,2026-08-19 02:58:26.466084
TX0706,672,success,none,UPI,1,new,2026-08-22 09:57:26.466090
TX0707,537,failed,insufficient_funds,UPI,3,returning,2026-08-22 09:53:26.466096
TX0708,6947,success,none,UPI,1,returning,2026-08-21 01:28:26.466103
TX0709,6132,success,none,Wallet,1,returning,2026-08-22 11:20:26.466109
TX0710,9060,success,none,NetBanking,1,new,2026-08-24 17:52:26.466115
TX0711,834,success,none,Card,1,new,2026-08-25 07:16:26.466121
TX0712,1754,failed,timeout,UPI,3,returning,2026-08-21 01:00:26.466128
TX0713,1499,failed,timeout,Wallet,2,new,2026-08-24 20:23:26.466135
TX0714,2967,success,none,NetBanking,1,frequent,2026-08-22 07:14:26.466141
TX0715,9224,failed,network_error,UPI,2,frequent,2026-08-20 01:32:26.466148
TX0716,5743,failed,network_error,Wallet,2,new,2026-08-20 16:32:26.466157
TX0717,1317,success,none,Card,1,returning,2026-08-22 20:31:26.466164
TX0718,4820,success,none,Wallet,1,frequent,2026-08-22 13:13:26.466170
TX0719,5040,success,none,NetBanking,1,frequent,2026-08-21 20:31:26.466176
TX0720,3882,failed,network_error,NetBanking,2,frequent,2026-08-24 15:50:26.466182
TX0721,6953,failed,insufficient_funds,Card,2,frequent,2026-08-20 10:43:26.466189
TX0722,4491,success,none,Wallet,1,new,2026-08-21 07:38:26.466194
TX0723,9363,success,none,Card,1,frequent,2026-08-21 01:22:26.466200
TX0724,9544,failed,timeout,NetBanking,1,frequent,2026-08-20 22:16:26.466207
TX0725,7137,success,none,Wallet,1,frequent,2026-08-21 15:37:26.466214
TX0726,3743,failed,bank_error,Wallet,1,new,2026-08-25 15:01:26.466222
TX0727,6905,success,none,Wallet,1,new,2026-08-23 05:20:26.466229
TX0728,1339,success,none,Wallet,1,frequent,2026-08-25 00:01:26.466237
TX0729,4751,success,none,UPI,1,returning,2026-08-19 23:09:26.466244
TX0730,6945,failed,bank_error,UPI,1,frequent,2026-08-25 17:09:26.466251
TX0731,1517,success,none,Card,1,new,2026-08-23 15:42:26.466257
TX0732,5395,success,none,NetBanking,1,new,2026-08-20 11:36:26.466263
TX0733,5855,failed,insufficient_funds,UPI,3,frequent,2026-08-20 11:43:26.466270
TX0734,7230,failed,bank_error,Wallet,1,frequent,2026-08-19 01:56:26.466277
TX0735,6639,success,none,UPI,1,returning,2026-08-24 01:24:26.466282
TX0736,9482,failed,bank_error,UPI,1,returning,2026-08-22 11:03:26.466292
TX0737,5711,failed,network_error,UPI,3,frequent,2026-08-22 15:09:26.466299
TX0738,894,failed,timeout,Card,1,frequent,2026-08-23 18:38:26.466306
TX0739,1334,success,none,Card,1,new,2026-08-23 14:49:26.466314
TX0740,4322,failed,network_error,NetBanking,3,new,2026-08-19 23:48:26.466322
TX0741,5711,success,none,UPI,1,returning,2026-08-22 09:38:26.466328
TX0742,5927,success,none,UPI,1,returning,2026-08-19 23:36:26.466335
TX0743,1646,failed,insufficient_funds,Card,1,new,2026-08-25 12:01:26.466341
TX0744,7956,success,none,Card,1,new,2026-08-23 23:56:26.466347
TX0745,2562,success,none,Wallet,1,frequent,2026-08-22 08:21:26.466354
TX0746,6390,success,none,Wallet,1,new,2026-08-19 06:48:26.466359
TX0747,4903,success,none,Card,1,frequent,2026-08-20 15:36:26.466366
TX0748,5259,success,none,Card,1,frequent,2026-08-21 02:35:26.466371
TX0749,5954,success,none,UPI,1,returning,2026-08-25 13:52:26.466377
TX0750,3921,success,none,UPI,1,new,2026-08-20 12:33:26.466384
TX0751,5701,failed,network_error,UPI,3,new,2026-08-23 10:11:26.466396
TX0752,9773,failed,network_error,Wallet,1,new,2026-08-19 09:27:26.466403
TX0753,1774,failed,insufficient_funds,NetBanking,3,returning,2026-08-19 20:07:26.466411
TX0754,2029,success,none,Wallet,1,new,2026-08-21 09:14:26.466416
TX0755,7438,success,none,NetBanking,1,frequent,2026-08-23 22:45:26.466425
TX0756,9319,failed,bank_error,UPI,2,frequent,2026-08-24 00:11:26.466433
TX0757,1558,success,none,UPI,1,new,2026-08-24 16:34:26.466439
TX0758,5755,success,none,UPI,1,new,2026-08-24 21:47:26.466445
TX0759,1637,failed,network_error,NetBanking,1,frequent,2026-08-24 11:50:26.466452
TX0760,6471,success,none,NetBanking,1,new,2026-08-19 06:52:26.466459
TX0761,6282,success,none,Wallet,1,returning,2026-08-25 17:24:26.466466
TX0762,2268,success,none,NetBanking,1,new,2026-08-20 23:33:26.466474
TX0763,7440,success,none,UPI,1,returning,2026-08-24 17:41:26.466480
TX0764,1862,success,none,UPI,1,frequent,2026-08-24 02:33:26.466486
TX0765,714,success,none,Card,1,frequent,2026-08-22 19:51:26.466492
TX0766,8154,success,none,NetBanking,1,new,2026-08-22 02:40:26.466498
TX0767,5987,failed,network_error,Card,2,frequent,2026-08-19 03:37:26.466505
TX0768,412,success,none,Card,1,returning,2026-08-24 08:55:26.466510
TX0769,2463,failed,network_error,Wallet,2,frequent,2026-08-22 17:55:26.466517
TX0770,2951,failed,timeout,UPI,3,returning,2026-08-24 15:09:26.466525
TX0771,4006,success,none,NetBanking,1,new,2026-08-25 09:56:26.466538
TX0772,5242,success,none,Wallet,1,new,2026-08-20 14:22:26.466545
TX0773,773,failed,timeout,Card,2,returning,2026-08-25 01:44:26.466552
TX0774,7013,success,none,Card,1,new,2026-08-25 06:47:26.466558
TX0775,867,success,none,Wallet,1,returning,2026-08-19 20:06:26.466566
TX0776,8881,success,none,Card,1,new,2026-08-19 12:27:26.466571
TX0777,7478,success,none,Wallet,1,returning,2026-08-25 15:27:26.466577
TX0778,9830,failed,timeout,Wallet,1,new,2026-08-23 07:18:26.466584
TX0779,8325,success,none,Wallet,1,frequent,2026-08-21 10:13:26.466590
TX0780,4959,failed,network_error,NetBanking,2,frequent,2026-08-25 05:17:26.466596
TX0781,384,success,none,UPI,1,returning,2026-08-25 03:32:26.466602
TX0782,5981,failed,insufficient_funds,Card,1,frequent,2026-08-21 07:35:26.466609
TX0783,8624,success,none,NetBanking,1,new,2026-08-19 20:32:26.466615
TX0784,6468,success,none,Wallet,1,returning,2026-08-20 11:10:26.466621
TX0785,7288,failed,bank_error,Card,1,new,2026-08-24 01:40:26.466628
TX0786,5774,failed,bank_error,Wallet,3,new,2026-08-24 01:13:26.466635
TX0787,8299,success,none,UPI,1,returning,2026-08-21 16:44:26.466641
TX0788,7339,failed,network_error,UPI,3,frequent,2026-08-24 01:34:26.466648
TX0789,8424,success,none,Card,1,new,2026-08-25 17:39:26.466654
TX0790,7569,failed,network_error,NetBanking,1,returning,2026-08-19 01:35:26.466663
TX0791,2258,success,none,Card,1,returning,2026-08-20 21:28:26.466668
TX0792,2565,success,none,NetBanking,1,new,2026-08-23 05:56:26.466674
TX0793,9943,success,none,Wallet,1,frequent,2026-08-20 06:00:26.466680
TX0794,4503,success,none,NetBanking,1,frequent,2026-08-21 06:27:26.466688
TX0795,9033,success,none,UPI,1,new,2026-08-19 14:11:26.466694
TX0796,1865,failed,timeout,Card,1,frequent,2026-08-19 09:22:26.466702
TX0797,1404,failed,bank_error,UPI,2,returning,2026-08-24 14:42:26.466709
TX0798,2148,success,none,UPI,1,returning,2026-08-21 03:40:26.466714
TX0799,3640,failed,network_error,Wallet,1,frequent,2026-08-19 20:01:26.466721
TX0800,6862,success,none,Wallet,1,returning,2026-08-23 00:25:26.466727
TX0801,4401,success,none,Card,1,new,2026-08-23 23:48:26.466733
TX0802,2917,success,none,NetBanking,1,frequent,2026-08-24 23:40:26.466739
TX0803,8066,success,none,NetBanking,1,returning,2026-08-22 05:47:26.466745
TX0804,9127,success,none,NetBanking,1,new,2026-08-19 10:52:26.466751
TX0805,6976,success,none,Card,1,returning,2026-08-22 09:29:26.466757
TX0806,3684,failed,timeout,Wallet,1,frequent,2026-08-25 05:23:26.466764
TX0807,8594,failed,timeout,Card,1,returning,2026-08-21 12:02:26.466771
TX0808,7411,success,none,Card,1,returning,2026-08-24 23:09:26.466778
TX0809,4303,success,none,Wallet,1,returning,2026-08-20 20:22:26.466784
TX0810,286,success,none,NetBanking,1,returning,2026-08-25 02:00:26.466790
TX0811,9002,success,none,Card,1,returning,2026-08-19 04:06:26.466797
TX0812,9056,success,none,Wallet,1,frequent,2026-08-25 00:20:26.466803
TX0813,9444,failed,insufficient_funds,NetBanking,1,frequent,2026-08-25 00:34:26.466811
TX0814,641,failed,timeout,UPI,1,frequent,2026-08-20 00:30:26.466823
TX0815,6208,failed,network_error,NetBanking,3,returning,2026-08-20 14:03:26.466831
TX0816,8897,success,none,Card,1,frequent,2026-08-25 15:03:26.466837
TX0817,1308,failed,timeout,UPI,3,new,2026-08-25 22:36:26.466843
TX0818,5690,success,none,Card,1,returning,2026-08-23 03:01:26.466850
TX0819,7298,success,none,Wallet,1,returning,2026-08-21 04:16:26.466856
TX0820,4032,success,none,NetBanking,1,new,2026-08-20 22:02:26.466862
TX0821,5521,failed,insufficient_funds,Wallet,3,frequent,2026-08-23 08:55:26.466869
TX0822,1416,success,none,UPI,1,returning,2026-08-25 06:09:26.466875
TX0823,4959,success,none,NetBanking,1,returning,2026-08-19 05:14:26.466904
TX0824,3847,failed,insufficient_funds,Wallet,2,frequent,2026-08-20 01:56:26.466945
TX0825,990,success,none,UPI,1,new,2026-08-22 22:27:26.466956
TX0826,1145,failed,insufficient_funds,Wallet,3,new,2026-08-24 01:32:26.466963
TX0827,5759,failed,bank_error,Wallet,2,returning,2026-08-22 03:17:26.466971
TX0828,7353,success,none,UPI,1,frequent,2026-08-21 17:41:26.466977
TX0829,509,failed,timeout,NetBanking,1,frequent,2026-08-25 13:24:26.466985
TX0830,1073,success,none,Wallet,1,returning,2026-08-23 12:43:26.466992
TX0831,2233,success,none,NetBanking,1,returning,2026-08-19 13:03:26.466999
TX0832,7141,success,none,NetBanking,1,frequent,2026-08-21 10:40:26.467006
TX0833,1817,success,none,Card,1,new,2026-08-24 19:37:26.467017
TX0834,5633,success,none,Card,1,new,2026-08-20 16:52:26.467339
TX0835,4549,success,none,NetBanking,1,frequent,2026-08-24 17:55:26.467345
TX0836,9181,success,none,Wallet,1,returning,2026-08-23 12:31:26.467351
TX0837,9192,failed,bank_error,Wallet,2,new,2026-08-20 00:22:26.467359
TX0838,3790,success,none,Wallet,1,new,2026-08-21 02:05:26.467364
TX0839,3421,failed,insufficient_funds,NetBanking,2,frequent,2026-08-25 04:38:26.467371
TX0840,4412,success,none,Wallet,1,new,2026-08-22 10:13:26.467377
TX0841,564,success,none,UPI,1,new,2026-08-22 01:55:26.467382
TX0842,5829,success,none,Card,1,returning,2026-08-19 07:42:26.467388
TX0843,9697,success,none,UPI,1,new,2026-08-20 14:05:26.467394
TX0844,6427,success,none,Wallet,1,returning,2026-08-20 12:22:26.467401
TX0845,2812,success,none,Card,1,frequent,2026-08-21 17:48:26.467407
TX0846,3805,success,none,NetBanking,1,new,2026-08-19 10:29:26.467413
TX0847,6121,success,none,Card,1,frequent,2026-08-25 04:01:26.467419
TX0848,1656,failed,bank_error,UPI,1,returning,2026-08-22 20:00:26.467426
TX0849,1628,success,none,Wallet,1,returning,2026-08-23 06:27:26.467431
TX0850,5873,success,none,UPI,1,frequent,2026-08-21 10:59:26.467437
TX0851,3000,success,none,NetBanking,1,frequent,2026-08-21 16:56:26.467443
TX0852,1878,success,none,NetBanking,1,returning,2026-08-23 11:03:26.467449
TX0853,8316,failed,network_error,NetBanking,1,new,2026-08-20 17:01:26.467458
TX0854,3275,success,none,Wallet,1,returning,2026-08-24 00:25:26.467467
TX0855,1421,success,none,NetBanking,1,frequent,2026-08-24 21:08:26.467473
TX0856,926,success,none,NetBanking,1,returning,2026-08-22 14:57:26.467481
TX0857,8870,success,none,Wallet,1,frequent,2026-08-20 08:10:26.467487
TX0858,3133,success,none,Wallet,1,frequent,2026-08-24 17:51:26.467492
TX0859,9050,success,none,UPI,1,frequent,2026-08-24 15:38:26.467498
TX0860,2217,failed,bank_error,Wallet,1,frequent,2026-08-19 12:06:26.467505
TX0861,1082,success,none,Wallet,1,returning,2026-08-22 21:31:26.467511
TX0862,6671,success,none,NetBanking,1,frequent,2026-08-21 14:02:26.467523
TX0863,210,failed,bank_error,Card,2,new,2026-08-19 20:48:26.467530
TX0864,445,success,none,NetBanking,1,returning,2026-08-23 15:07:26.467536
TX0865,1817,failed,network_error,Card,3,frequent,2026-08-21 09:34:26.467543
TX0866,2171,success,none,UPI,1,new,2026-08-24 19:54:26.467548
TX0867,6947,success,none,Wallet,1,returning,2026-08-23 03:23:26.467554
TX0868,4952,success,none,Card,1,frequent,2026-08-20 17:16:26.467562
TX0869,9408,failed,network_error,Card,2,frequent,2026-08-21 05:48:26.467569
TX0870,3731,success,none,Wallet,1,frequent,2026-08-21 00:25:26.467575
TX0871,2759,success,none,Wallet,1,frequent,2026-08-21 06:12:26.467580
TX0872,5099,failed,network_error,Wallet,2,returning,2026-08-22 21:16:26.467589
TX0873,4232,success,none,UPI,1,returning,2026-08-20 05:41:26.467594
TX0874,1488,success,none,Wallet,1,frequent,2026-08-25 05:39:26.467600
TX0875,8797,failed,insufficient_funds,UPI,2,new,2026-08-21 06:18:26.467607
TX0876,6213,failed,bank_error,NetBanking,3,frequent,2026-08-21 11:42:26.467615
TX0877,880,success,none,NetBanking,1,new,2026-08-20 22:15:26.467620
TX0878,1389,success,none,Wallet,1,frequent,2026-08-21 09:44:26.467626
TX0879,7538,success,none,Wallet,1,new,2026-08-24 14:02:26.467633
TX0880,9987,failed,timeout,NetBanking,3,new,2026-08-19 14:25:26.467639
TX0881,9076,success,none,UPI,1,frequent,2026-08-25 10:43:26.467646
TX0882,5090,failed,bank_error,Card,3,returning,2026-08-25 16:51:26.467652
TX0883,9892,success,none,UPI,1,returning,2026-08-25 12:50:26.467658
TX0884,5119,success,none,Wallet,1,returning,2026-08-21 15:24:26.467664
TX0885,3140,failed,network_error,Card,3,returning,2026-08-20 14:46:26.467671
TX0886,8621,failed,bank_error,NetBanking,1,returning,2026-08-22 08:01:26.467678
TX0887,1871,success,none,UPI,1,new,2026-08-24 23:58:26.467683
TX0888,2374,success,none,NetBanking,1,returning,2026-08-24 15:11:26.467689
TX0889,8722,success,none,Wallet,1,new,2026-08-24 11:57:26.467695
TX0890,1683,failed,insufficient_funds,Card,2,new,2026-08-20 03:02:26.467702
TX0891,8614,success,none,UPI,1,frequent,2026-08-19 22:52:26.467709
TX0892,736,failed,insufficient_funds,Wallet,2,new,2026-08-25 06:49:26.467717
TX0893,5616,success,none,NetBanking,1,returning,2026-08-22 04:09:26.467724
TX0894,9093,failed,timeout,NetBanking,1,frequent,2026-08-25 10:47:26.467730
TX0895,977,success,none,Card,1,frequent,2026-08-19 22:11:26.467737
TX0896,9950,success,none,UPI,1,returning,2026-08-21 22:40:26.467744
TX0897,7181,success,none,Card,1,frequent,2026-08-22 17:40:26.467750
TX0898,7513,success,none,Card,1,new,2026-08-21 15:15:26.467758
TX0899,9483,success,none,Wallet,1,frequent,2026-08-19 05:34:26.467764
TX0900,759,success,none,Card,1,returning,2026-08-21 16:27:26.467770
TX0901,3125,success,none,UPI,1,returning,2026-08-19 22:47:26.467776
TX0902,4376,success,none,Card,1,returning,2026-08-23 17:18:26.467782
TX0903,2947,success,none,NetBanking,1,returning,2026-08-22 04:24:26.467788
TX0904,1193,success,none,Wallet,1,frequent,2026-08-25 21:04:26.467794
TX0905,3094,success,none,NetBanking,1,new,2026-08-22 13:23:26.467800
TX0906,5547,success,none,Wallet,1,new,2026-08-21 19:16:26.467806
TX0907,7451,success,none,Card,1,returning,2026-08-21 06:04:26.467812
TX0908,8784,failed,network_error,Wallet,3,frequent,2026-08-24 12:07:26.467818
TX0909,9869,success,none,NetBanking,1,returning,2026-08-19 18:22:26.467824
TX0910,8189,success,none,Wallet,1,frequent,2026-08-19 12:06:26.467829
TX0911,9690,success,none,Wallet,1,new,2026-08-21 23:47:26.467839
TX0912,8796,failed,network_error,NetBanking,2,frequent,2026-08-19 04:45:26.467848
TX0913,8900,failed,bank_error,Card,3,new,2026-08-21 15:12:26.467855
TX0914,8004,success,none,Card,1,frequent,2026-08-21 13:45:26.467861
TX0915,6611,success,none,Card,1,frequent,2026-08-23 12:23:26.467868
TX0916,9568,success,none,UPI,1,returning,2026-08-22 15:15:26.467874
TX0917,8428,success,none,UPI,1,new,2026-08-21 09:13:26.467880
TX0918,6907,success,none,UPI,1,new,2026-08-21 17:56:26.467889
TX0919,991,failed,timeout,NetBanking,2,new,2026-08-20 05:43:26.467898
TX0920,7987,success,none,UPI,1,frequent,2026-08-22 14:39:26.467904
TX0921,3641,success,none,Card,1,new,2026-08-21 17:45:26.467910
TX0922,9219,success,none,Wallet,1,new,2026-08-25 20:20:26.467916
TX0923,9907,success,none,NetBanking,1,frequent,2026-08-25 16:12:26.467922
TX0924,8088,success,none,UPI,1,new,2026-08-22 09:07:26.467929
TX0925,5409,success,none,NetBanking,1,returning,2026-08-19 16:53:26.467936
TX0926,1039,success,none,UPI,1,frequent,2026-08-23 02:03:26.467942
TX0927,7431,success,none,Wallet,1,returning,2026-08-24 15:02:26.468050
TX0928,6945,failed,network_error,UPI,3,returning,2026-08-21 18:07:26.468061
TX0929,9006,success,none,UPI,1,returning,2026-08-25 02:49:26.468068
TX0930,2694,success,none,NetBanking,1,new,2026-08-23 15:10:26.468074
TX0931,5592,failed,timeout,Card,2,new,2026-08-21 12:52:26.468084
TX0932,6255,success,none,NetBanking,1,new,2026-08-21 20:50:26.468090
TX0933,2251,failed,insufficient_funds,NetBanking,1,returning,2026-08-20 11:22:26.468098
TX0934,4256,success,none,Wallet,1,new,2026-08-19 16:10:26.468104
TX0935,1258,failed,insufficient_funds,Card,3,frequent,2026-08-21 22:54:26.468112
TX0936,9253,success,none,Card,1,frequent,2026-08-22 13:05:26.468119
TX0937,9492,failed,timeout,Card,2,frequent,2026-08-24 07:50:26.468126
TX0938,3297,success,none,Wallet,1,new,2026-08-21 16:15:26.468132
TX0939,1072,failed,timeout,UPI,3,frequent,2026-08-20 07:14:26.468140
TX0940,7352,success,none,Wallet,1,frequent,2026-08-24 03:20:26.468146
TX0941,2742,success,none,Wallet,1,returning,2026-08-23 14:48:26.468154
TX0942,750,success,none,UPI,1,returning,2026-08-20 13:53:26.468162
TX0943,4581,success,none,NetBanking,1,new,2026-08-25 14:13:26.468168
TX0944,2696,success,none,Wallet,1,frequent,2026-08-23 02:22:26.468175
TX0945,6754,success,none,UPI,1,new,2026-08-25 16:45:26.468181
TX0946,850,success,none,Wallet,1,returning,2026-08-22 02:35:26.468188
TX0947,7682,success,none,UPI,1,new,2026-08-24 09:58:26.468194
TX0948,8556,success,none,NetBanking,1,frequent,2026-08-24 15:39:26.468200
TX0949,9318,success,none,Wallet,1,frequent,2026-08-19 03:49:26.468207
TX0950,3360,success,none,UPI,1,frequent,2026-08-20 19:45:26.468214
TX0951,7131,failed,timeout,UPI,1,frequent,2026-08-19 23:30:26.468223
TX0952,2525,success,none,UPI,1,frequent,2026-08-23 11:54:26.468229
TX0953,5909,success,none,UPI,1,new,2026-08-22 07:20:26.468236
TX0954,2520,success,none,NetBanking,1,frequent,2026-08-20 22:19:26.468243
TX0955,8389,success,none,Card,1,new,2026-08-24 04:28:26.468250
TX0956,5311,success,none,Card,1,new,2026-08-24 12:19:26.468256
TX0957,7216,success,none,NetBanking,1,frequent,2026-08-25 13:48:26.468263
TX0958,2331,failed,bank_error,Wallet,2,frequent,2026-08-24 08:32:26.468270
TX0959,8035,success,none,Wallet,1,returning,2026-08-20 18:22:26.468277
TX0960,3572,success,none,NetBanking,1,frequent,2026-08-21 08:59:26.468284
TX0961,9259,failed,network_error,UPI,2,new,2026-08-25 09:39:26.468292
TX0962,2772,success,none,UPI,1,returning,2026-08-23 16:07:26.468298
TX0963,4811,success,none,Wallet,1,frequent,2026-08-24 11:05:26.468305
TX0964,9807,success,none,Wallet,1,new,2026-08-24 18:28:26.468311
TX0965,2002,success,none,NetBanking,1,frequent,2026-08-21 22:39:26.468318
TX0966,855,success,none,Card,1,returning,2026-08-25 16:53:26.468325
TX0967,2523,success,none,Card,1,frequent,2026-08-19 21:25:26.468332
TX0968,3579,success,none,NetBanking,1,new,2026-08-21 03:12:26.468339
TX0969,6721,success,none,NetBanking,1,returning,2026-08-19 15:23:26.468345
TX0970,7523,success,none,NetBanking,1,frequent,2026-08-19 15:46:26.468354
TX0971,293,failed,bank_error,NetBanking,1,new,2026-08-19 10:24:26.468363
TX0972,9828,success,none,Wallet,1,returning,2026-08-21 16:06:26.468370
TX0973,9062,success,none,NetBanking,1,new,2026-08-23 20:12:26.468376
TX0974,7600,success,none,UPI,1,frequent,2026-08-19 20:47:26.468388
TX0975,3353,success,none,UPI,1,returning,2026-08-20 12:31:26.468395
TX0976,7128,success,none,Wallet,1,frequent,2026-08-20 21:02:26.468402
TX0977,2746,success,none,Card,1,returning,2026-08-20 18:47:26.468408
TX0978,8701,success,none,UPI,1,returning,2026-08-21 22:36:26.468414
TX0979,1579,success,none,UPI,1,new,2026-08-25 12:51:26.468420
TX0980,9006,success,none,Card,1,frequent,2026-08-25 11:40:26.468427
TX0981,9453,success,none,Card,1,returning,2026-08-21 20:34:26.468435
TX0982,8000,success,none,UPI,1,frequent,2026-08-23 12:07:26.468441
TX0983,5704,failed,network_error,Card,2,returning,2026-08-21 03:47:26.468451
TX0984,8227,failed,timeout,Wallet,2,new,2026-08-24 09:42:26.468462
TX0985,1266,success,none,Card,1,frequent,2026-08-25 14:06:26.468468
TX0986,7775,success,none,UPI,1,frequent,2026-08-24 21:08:26.468474
TX0987,6429,success,none,UPI,1,frequent,2026-08-25 08:15:26.468480
TX0988,2565,success,none,NetBanking,1,frequent,2026-08-20 19:10:26.468487
TX0989,8382,failed,bank_error,Wallet,1,new,2026-08-24 20:53:26.468496
TX0990,5559,success,none,Card,1,new,2026-08-22 11:04:26.468503
TX0991,2707,failed,insufficient_funds,Card,1,returning,2026-08-21 01:08:26.468510
TX0992,2848,success,none,Wallet,1,returning,2026-08-19 23:09:26.468516
TX0993,3400,success,none,UPI,1,new,2026-08-22 12:09:26.468522
TX0994,9855,success,none,UPI,1,new,2026-08-24 16:26:26.468529
TX0995,8031,success,none,UPI,1,returning,2026-08-24 02:21:26.468537
TX0996,2153,success,none,Card,1,frequent,2026-08-25 07:48:26.468546
TX0997,8563,failed,network_error,UPI,3,frequent,2026-08-24 15:55:26.468556
TX0998,8625,success,none,Wallet,1,returning,2026-08-25 01:41:26.468563
TX0999,6543,success,none,NetBanking,1,new,2026-08-24 19:27:26.468571
TX1000,866,success,none,UPI,1,new,2026-08-25 12:00:26.468578
